{
  "weight": [
    [
      -0.0004484033265723022,
      0.02600352573346247
    ],
    [
      -0.017065083202657007,
      -0.03705137550877202
    ],
    [
      -0.04234520584964775,
      -0.0719868079247502
    ],
    [
      0.1574402587844085,
      -0.0038338522731846477
    ],
    [
      -0.01337074663502778,
      0.14194892729049896
    ],
    [
      0.10700557891075359,
      -0.048995949406536274
    ],
    [
      0.011043584446778842,
      -0.0921247401015009
    ],
    [
      0.11659609891692761,
      -0.01607581051125824
    ]
  ],
  "bias": [
    -0.1582882981658431,
    0.15828829816584117
  ],
  "config": {
    "hidden_size": 8,
    "num_experts": 2,
    "temperature": 1.0
  }
}