{
  "weight": [
    [
      0.10818982731964166,
      -0.08263470491275017
    ],
    [
      -0.08961163781642825,
      0.03549517910499896
    ],
    [
      -0.21676880726298248,
      0.10243679348858498
    ],
    [
      0.07036707289674124,
      0.08323933361448232
    ],
    [
      0.09775555600814048,
      0.030822624647335612
    ],
    [
      0.01704404480462762,
      0.04096558469958706
    ],
    [
      0.001659163906379213,
      -0.08274031956110045
    ],
    [
      0.03516792574460816,
      0.06535236266105877
    ]
  ],
  "bias": [
    -0.21579080563882158,
    0.21579080563881897
  ],
  "config": {
    "hidden_size": 8,
    "num_experts": 2,
    "temperature": 1.0
  }
}